lead_id,reviewed_at,reviewed_by
fce787f9e9de454fa9121f2b7c4653e9,2025-10-20 18:06:12 UTC,Mau
da2e9cd9ce70421497d5ade95048a0f6,2025-10-20 18:06:12 UTC,Mau
9661de2ba1cd40f58b3f4969079da83d,2025-10-20 18:06:12 UTC,Mau
0c23d0cdd45b49d0b7ae4cfe18169d26,2025-10-20 18:06:12 UTC,Mau
f9072b26a19d43c988a2ce8aba3a7a85,2025-10-20 18:06:12 UTC,Mau
779c8af7fe944978a7adc03eb8e3ef4f,2025-10-20 18:06:12 UTC,Mau
1bc75f10ca914a4c8b362ac278c58690,2025-10-20 18:06:12 UTC,Mau
69814fafa05a42d58e757c67c168cfac,2025-10-20 18:06:12 UTC,Mau
5a636f62d7874a089a63056bf99a51a7,2025-10-20 18:06:12 UTC,Mau
b92523de6a0f48b48dc4e4dbfa44f8ea,2025-10-20 18:06:12 UTC,Mau
2acbbb161ace4ac1af6e69fa16be0fa0,2025-10-20 18:06:12 UTC,Mau
98582df665434e36bd24726f224d33e6,2025-10-20 18:06:12 UTC,Mau
b0bdd84a45ef427493cce28b2fe98b57,2025-10-20 18:06:12 UTC,Mau
ac30c5ebb17a4e24a465cd1a457cf84a,2025-10-20 18:06:12 UTC,Mau
eba4b521be6a4b7589a7bbd3dd837855,2025-10-20 18:06:12 UTC,Mau
616f3b44ce8547b08af60f6727c4ac93,2025-10-20 18:06:12 UTC,Mau
3bddcd843b4149c4979d9eebc3edb52b,2025-10-20 18:06:12 UTC,Mau
171c32f8c952476aa0420bce1ce3c94d,2025-10-20 18:06:12 UTC,Mau
23a2b1945bba4a3d95170411c898b9c2,2025-10-20 18:06:12 UTC,Mau
66f43dbf26ae4301bf9450f0fb83302b,2025-10-20 18:06:12 UTC,Mau
7e97f3d6032e45119ccffcada0055570,2025-10-20 18:06:12 UTC,Mau
1b2b843b43d848bfba04f2965e2a343a,2025-10-20 18:06:12 UTC,Mau
a0f6b44ffc054a0c9023ce001b8eaac8,2025-10-20 18:06:12 UTC,Mau
21de2541eca34682ae259a2eee5968a0,2025-10-20 18:06:12 UTC,Mau
ab74c8ec92494ee59039eb2fe8042d15,2025-10-20 18:06:12 UTC,Mau
04f922b3699d4615a569983646699d65,2025-10-20 18:06:12 UTC,Mau
ada28776f7cc42a186e2201aa5ea7691,2025-10-20 18:06:12 UTC,Mau
bd73705fd0924f22ac94426a951ebdb2,2025-10-20 18:06:12 UTC,Mau
36a3fd7be45349a0ac523c9c79098dd9,2025-10-20 18:06:12 UTC,Mau
6464b790a81644d5bd11f5943dc87ee7,2025-10-20 18:06:12 UTC,Mau
68e69984cab64b0cb6cffecd85dcc557,2025-10-20 18:06:12 UTC,Mau
8d48483919b04ab79d7d67138f1e0a75,2025-10-20 18:06:12 UTC,Mau
1dfb50310a294451bda102b73e0d1f90,2025-10-20 18:06:12 UTC,Mau
a3a256c994b34904a484628849579c6c,2025-10-20 18:06:12 UTC,Mau
1ce8dacbd112411a8cbae505434a99f7,2025-10-20 18:06:12 UTC,Mau
e9542af01a8e4279993f2e8c89fc9d58,2025-10-20 18:06:12 UTC,Mau
a56aa3880c4147fda38f8a9f6bca0266,2025-10-20 18:06:12 UTC,Mau
500dac589bb2407a9564f8c6f96b705f,2025-10-20 18:06:12 UTC,Mau
bedf4653b7bd464d9eacf7a29776ef11,2025-10-20 18:06:12 UTC,Mau
a38e240e8ed44810ac10cc40db9c9c9a,2025-10-20 18:06:12 UTC,Mau
0c84d758c16d4f1d8049f804187dcebd,2025-10-20 18:06:12 UTC,Mau
be4aeeec7dc34d8393dcf8a87cfd5d78,2025-10-20 18:06:12 UTC,Mau
c2f1fe1ffd2b45c48da9539537dba222,2025-10-20 18:06:12 UTC,Mau
0e4e17ec2529440fbf950f680779e4c8,2025-10-23 19:33:43 UTC,Mau
3caf5808a55e4b44a4a56ec811defa2e,2025-10-23 19:33:43 UTC,Mau
3e7ea3c11ae44280ad5ab084f468788b,2025-10-23 19:33:43 UTC,Mau
8a69dc8ed1ab4ab5976a33cd3436951e,2025-10-23 19:33:43 UTC,Mau
46cf2619f1834469b5c304c8db6b73e9,2025-10-23 19:33:43 UTC,Mau
9587e90396014415aa0cf5f43a61c755,2025-10-23 19:33:43 UTC,Mau
a05af86f2ccc4f4faeae8ce874ea03e4,2025-10-23 19:33:43 UTC,Mau
b33190b9f2204907bd6b87bbf283366b,2025-10-23 19:33:43 UTC,Mau
b75d238648ca42bdac217b3498b3a357,2025-10-23 19:33:43 UTC,Mau
b8e9735d4f5e4e1b849c647b5dced385,2025-10-23 19:33:43 UTC,Mau
c7ad6332b4894e6daff078a3031de734,2025-10-23 19:33:43 UTC,Mau
ce941256eea847c8bec65e6d8f8a5d5d,2025-10-23 19:33:43 UTC,Mau
e382ee3218aa469f8c2a90b33869455e,2025-10-23 19:33:43 UTC,Mau
eac8fc4611a3459f96e9aec9e86457a5,2025-10-23 19:33:43 UTC,Mau
f414d79c2ef34b3bb40de94c428a1548,2025-10-23 19:33:43 UTC,Mau
7c6c3738b99348ae924341d55c77b116,2025-10-29 16:03:41 UTC,Mau
7c5ce988ac5b48768c4c91a542c27c54,2025-10-29 16:03:41 UTC,Mau
7b6a272038c2415d9d7b634e27aa325f,2025-10-29 16:03:41 UTC,Mau
7aa3d80d4f3346dbb063901c50f089bd,2025-10-29 16:03:41 UTC,Mau
783694c28a6549e4a190f65a5798084b,2025-10-29 16:03:41 UTC,Mau
74dd3d696c8c40e2aed82472a0c62549,2025-10-29 16:03:41 UTC,Mau
7692d335783f4dbd9a79ecc2a3cb8b02,2025-10-29 16:03:41 UTC,Mau
74dd08dfcdd84322ab02a4c141d36325,2025-10-29 16:03:41 UTC,Mau
72123c2567624e128c6c3041d2050146,2025-10-29 16:03:41 UTC,Mau
71d40ef7282a485fb85e89d39538b8e5,2025-10-29 16:03:41 UTC,Mau
6f702a6e85eb45cab4267e921f6b823d,2025-10-29 16:03:41 UTC,Mau
6f60335537394b779ee417460666b25e,2025-10-29 16:03:41 UTC,Mau
6ecfa82dfea7439aa371b10c6c50f968,2025-10-29 16:03:41 UTC,Mau
6818c6b915c24020bc81abb8d03401a2,2025-10-29 16:03:41 UTC,Mau
6b503ab6bfc54e2eabf02997a5541dfa,2025-10-29 16:03:41 UTC,Mau
6233cf48a8b04abaad10c674383d28b9,2025-10-29 16:03:41 UTC,Mau
620ae38570964a79b04f2bdca5e63d1a,2025-10-29 16:03:41 UTC,Mau
6126bfdaa6b34734a79b3b427629e737,2025-10-29 16:03:41 UTC,Mau
5fd7d71866f94c91997ef00e5503ea8f,2025-10-29 16:03:41 UTC,Mau
5f3642e044954db18eeb5a0e9e28ab32,2025-10-29 16:03:41 UTC,Mau
5ebcf48dd91645c7a0dc0c110101a04f,2025-10-29 16:03:41 UTC,Mau
5de2babf9b0b4c2d87983958b6e880f7,2025-10-29 16:03:41 UTC,Mau
5d2264540b8c442b994332d26972aa58,2025-10-29 16:03:41 UTC,Mau
5c01e066826240b8a559b5f96f973340,2025-10-29 16:03:41 UTC,Mau
5bf6abc4a3434c999e0c00f9ab7b46ae,2025-10-29 16:03:41 UTC,Mau
5bd8c1398334446596e01a4566f9faa1,2025-10-29 16:03:41 UTC,Mau
5ad221e5d8434947ac3fde9a18cd9d13,2025-10-29 16:03:41 UTC,Mau
5aeeb18fee28484590c83df085462cdd,2025-10-29 16:03:41 UTC,Mau
581a4574fc034646aab943e321d900eb,2025-10-29 16:03:41 UTC,Mau
560cd34f66b2455ba5a72a11fd71de81,2025-10-29 16:03:41 UTC,Mau
5568f5db36ce46e5937aa515924a8395,2025-10-29 16:03:41 UTC,Mau
54fa3db33fbc44a9a0b1a715989a5831,2025-10-29 16:03:41 UTC,Mau
52ffd49202a84caab58a74ec1458f1dc,2025-10-29 16:03:41 UTC,Mau
511db308e7344c43b7cae2a752eea896,2025-10-29 16:03:41 UTC,Mau
510a36b559ee417aa4456fa30513b56d,2025-10-29 16:03:41 UTC,Mau
5004c1fd47704ddd912d796e7d55764a,2025-10-29 16:03:41 UTC,Mau
4fc60f874fce4e4296078d02b3eb28e7,2025-10-29 16:03:41 UTC,Mau
4ce734050a79410c9cb744ee530186c5,2025-10-29 16:03:41 UTC,Mau
4abe53248e7842f8bc94f3ec37ded52f,2025-10-29 16:03:41 UTC,Mau
4a9fe68e11964ec1b663bd041f2c84c9,2025-10-29 16:03:41 UTC,Mau
4a7f6c79faa44d71bd48a5a249e50c34,2025-10-29 16:03:41 UTC,Mau
4969bc1a0a9147b1bc8a501b869dfd13,2025-10-29 16:03:41 UTC,Mau
48f8bbd078494583950f7ddec70c2e68,2025-10-29 16:03:41 UTC,Mau
45c9b4da1d6343128f55422edbc4f72a,2025-10-29 16:03:41 UTC,Mau
45c93177e4de449db533afb15836123d,2025-10-29 16:03:41 UTC,Mau
455086718cea44238982ca4b2533e10c,2025-10-29 16:03:41 UTC,Mau
43c6315294fc43fe838c5f09bef9fcc4,2025-10-29 16:03:41 UTC,Mau
43c410b2f5664ce6b26a891ac7da7555,2025-10-29 16:03:41 UTC,Mau
4209a14a0ae74973826d699d1b0bc239,2025-10-29 16:03:41 UTC,Mau
4170286bec344af39b0e6d6ad7a4e448,2025-10-29 16:03:41 UTC,Mau
3d07c6d1f82846f7b659051d103e027d,2025-10-29 16:03:41 UTC,Mau
3bef52d273e64817aa1ac6d424ce4252,2025-10-29 16:03:41 UTC,Mau
3920533cecfd435fa043d513b90855a5,2025-10-29 16:03:41 UTC,Mau
38598df0d3bb4dc4b4cbb7793961248c,2025-10-29 16:03:41 UTC,Mau
37ee43ebe666459da0de22faafac6588,2025-10-29 16:03:41 UTC,Mau
35a73c71b3b244f998e9c9b495203f1e,2025-10-29 16:03:41 UTC,Mau
3694aab6b9324befb7e538f93002267e,2025-10-29 16:03:41 UTC,Mau
35398f4b85024c6aac6ec5e731983cfb,2025-10-29 16:03:41 UTC,Mau
34d05b1cf76a460e8487bedf43b94c04,2025-10-29 16:03:41 UTC,Mau
2e6b7c01532a454f9008ec5c8fca899b,2025-10-29 16:03:41 UTC,Mau
2b1ef5deb193497d98ab6ec93c543925,2025-10-29 16:03:41 UTC,Mau
2e07a969d7944753b88a38b38b7f472e,2025-10-29 16:03:41 UTC,Mau
2a7483911c8949518242d1b83a353660,2025-10-29 16:03:41 UTC,Mau
29abea0e977f4e1db4eac25852649a05,2025-10-29 16:03:41 UTC,Mau
2922142a165f4e7a9fb023cd471a1ce7,2025-10-29 16:03:41 UTC,Mau
264ac16a762f4407870d1b6d1c5fc922,2025-10-29 16:03:41 UTC,Mau
28d3742cfa3441b9b0543cca44313b8a,2025-10-29 16:03:41 UTC,Mau
25fcdcaf40aa436bbba601b843cb0dcc,2025-10-29 16:03:41 UTC,Mau
2408e8b29f9a4826b175ec2d66b24ef8,2025-10-29 16:03:41 UTC,Mau
23a6e538217047c1b69abdb1cd88e287,2025-10-29 16:03:41 UTC,Mau
21f33097d4774321beb2d91bd889fc19,2025-10-29 16:03:41 UTC,Mau
2138050c5f274b5ba400c82cbe3fda4e,2025-10-29 16:03:41 UTC,Mau
218834a9579f40a2aadfbe1bfaa90c7a,2025-10-29 16:03:41 UTC,Mau
212e10fb72ee44c69ba1452791177a68,2025-10-29 16:03:41 UTC,Mau
1fee37d4047c437c8f04a0215baff202,2025-10-29 16:03:41 UTC,Mau
1d0203247ff6467985985c55d97180ca,2025-10-29 16:03:41 UTC,Mau
1af54342918a41338264bbffc53e49c6,2025-10-29 16:03:41 UTC,Mau
1adc36ae49d2421b868ca7b56c3a2eac,2025-10-29 16:03:41 UTC,Mau
1a829f07adca47a4b0f301cd5f08fd04,2025-10-29 16:03:41 UTC,Mau
198f96267cf849fbb5c2d4a45c1129a8,2025-10-29 16:03:41 UTC,Mau
17bfefedcc7c483aa0caf0be4fd5155b,2025-10-29 16:03:41 UTC,Mau
1700bb41f24b40dc9af14874a3f29328,2025-10-29 16:03:41 UTC,Mau
14caaaa83f024588bb533a39a3faffd5,2025-10-29 16:03:41 UTC,Mau
13b0c6e6d87c4e8aba46edb38057ae70,2025-10-29 16:03:41 UTC,Mau
139bdfdfbeb5412a8d0c744ce709bc9f,2025-10-29 16:03:41 UTC,Mau
109531e8f8b9458b97d80028d6b31faa,2025-10-29 16:03:41 UTC,Mau
0f86140cd6c64c5c833cf90e352b1200,2025-10-29 16:03:41 UTC,Mau
0eeb1fde0e6d48b595c117a16fb7924f,2025-10-29 16:03:41 UTC,Mau
0e7323f541aa45b5aa5099e989e613fc,2025-10-29 16:03:41 UTC,Mau
0dad66e62dc8461aa78ba21c66edbce6,2025-10-29 16:03:41 UTC,Mau
0d30e65191164640b7f5ca77d17c9a69,2025-10-29 16:03:41 UTC,Mau
0c34f1b259e94cbb9956e3027343363e,2025-10-29 16:03:41 UTC,Mau
0b5da3c1136849b3aa2f01fe5fc33c60,2025-10-29 16:03:41 UTC,Mau
0a7aac5ab68f4c7088211b47eb77678d,2025-10-29 16:03:41 UTC,Mau
09c7c003fb104a19a319f9787a2bdea3,2025-10-29 16:03:41 UTC,Mau
097a6ef3c1114f04b1011e5eb0808913,2025-10-29 16:03:41 UTC,Mau
06a2df562e3440bdab525e574db3b1b0,2025-10-29 16:03:41 UTC,Mau
031bbf199abe4a12abc6b297f00e95c3,2025-10-29 16:03:41 UTC,Mau
01e7d07cf59c49f0a813ab32c70ad173,2025-10-29 16:03:41 UTC,Mau
00b7d47d3adb4fee9e9538158c87dc6a,2025-10-29 16:03:41 UTC,Mau
fbb0a730d5ad4174bb738ed66e31a5b3,2025-10-29 16:04:33 UTC,Mau
fe30a261252a4796a9181c585aa66057,2025-10-29 16:04:33 UTC,Mau
fb3c92295502475cbdac0a9704d5a366,2025-10-29 16:04:33 UTC,Mau
f9e2b51c62a14426ad53b90db7765102,2025-10-29 16:04:33 UTC,Mau
f9ca8e23cf5d4f69a076fbbe03cd662c,2025-10-29 16:04:33 UTC,Mau
f9b4bd514cc444c9b83b881a664a4b5a,2025-10-29 16:04:33 UTC,Mau
f989df7af9e84c4b89e02831a824daeb,2025-10-29 16:04:33 UTC,Mau
f90bb181be1b43948c892cfd1213f981,2025-10-29 16:04:33 UTC,Mau
f81171a902804d9db9c677988a542dfc,2025-10-29 16:04:33 UTC,Mau
f7b98507c6d84af6973ef7649f44f00f,2025-10-29 16:04:33 UTC,Mau
f1e0153af53c455b8bed7012329e4297,2025-10-29 16:04:33 UTC,Mau
f19caae19e2841d6922ef29e06f2abb4,2025-10-29 16:04:33 UTC,Mau
f0f6e79f9d2d405c90a7c37575383238,2025-10-29 16:04:33 UTC,Mau
f0cfab9de0cb4b24ad35794d9d821fd0,2025-10-29 16:04:33 UTC,Mau
ee1731634e5d4af9bbb6ecfd16444a7d,2025-10-29 16:04:33 UTC,Mau
ed5a01bae5434c05842a77ec46764f6f,2025-10-29 16:04:33 UTC,Mau
e5ff8b8f8d5549b5a2c5ff382e3ede62,2025-10-29 16:04:33 UTC,Mau
e11527d343a64e458fdf6b4e2fe186f1,2025-10-29 16:04:33 UTC,Mau
e25c47018c5e44d4b96db2578019017f,2025-10-29 16:04:33 UTC,Mau
df8cb636fecc4859919590d998eab727,2025-10-29 16:04:33 UTC,Mau
dc7a609802c24938857be5f401601a3c,2025-10-29 16:04:33 UTC,Mau
daee4eec30d14919ad6d1738c09d879b,2025-10-29 16:04:33 UTC,Mau
dab745f69b1844b68f3665b29587cf5b,2025-10-29 16:04:33 UTC,Mau
d956dbee4fa94a0e83fbaac42c28dbef,2025-10-29 16:04:33 UTC,Mau
d84b6626fba847c5acd6e4866884a557,2025-10-29 16:04:33 UTC,Mau
d7414179940a4cdb99d66647d1a8f85f,2025-10-29 16:04:33 UTC,Mau
d581e41cb69a46a185923785d583ab2f,2025-10-29 16:04:33 UTC,Mau
d321ef55164542208825659189d4b8ea,2025-10-29 16:04:33 UTC,Mau
d494ea07cb004c2ab4499baa62ca3435,2025-10-29 16:04:33 UTC,Mau
d2460f87850e4ae5b25c248714dcf947,2025-10-29 16:04:33 UTC,Mau
d2e8a0e9df7c4cb3bcfdb0ef9e5488d0,2025-10-29 16:04:33 UTC,Mau
d1f8db34b221452691f9965d4b57c6a7,2025-10-29 16:04:33 UTC,Mau
cf264fc137dd4642b99361b31dc1d3e2,2025-10-29 16:04:33 UTC,Mau
cda7161fc3a641a4b130e8c1f9d104bb,2025-10-29 16:04:33 UTC,Mau
cb2dcef35ef04760bba9d69a03547bfe,2025-10-29 16:04:33 UTC,Mau
ca9da674b2f54223926d4d063613dae5,2025-10-29 16:04:33 UTC,Mau
ca25b3eb975648e5ac6f2982064b5a34,2025-10-29 16:04:33 UTC,Mau
c8883786a08a469993eec9f2f80841b3,2025-10-29 16:04:33 UTC,Mau
c9abf9c88bcc4be1a8e91b5d40bb7b07,2025-10-29 16:04:33 UTC,Mau
c869d3f31b9e4c39868aafcf0e879a5d,2025-10-29 16:04:33 UTC,Mau
c600a9128e60462495da94caa470ba29,2025-10-29 16:04:33 UTC,Mau
c4d66b1ddf804b35836630ada42ab931,2025-10-29 16:04:33 UTC,Mau
c0b59c25f3704717b96da04329b7b70c,2025-10-29 16:04:33 UTC,Mau
bf6f5f96f76943fb86060cb92c68047c,2025-10-29 16:04:33 UTC,Mau
bd8ad5f21d294799ba8d70eb2bd39ad2,2025-10-29 16:04:33 UTC,Mau
bbcdab60ec364840ac30ec1d4e93820a,2025-10-29 16:04:33 UTC,Mau
bb3de486fcd54e2bbd7e7d04652cdfd5,2025-10-29 16:04:33 UTC,Mau
b82651cc6903455ca6d37fb6e9c7b19f,2025-10-29 16:04:33 UTC,Mau
b582a9bea39b43afbeb18a5dee3f5dc4,2025-10-29 16:04:33 UTC,Mau
b391e820f739422e8a65cda09345db4f,2025-10-29 16:04:33 UTC,Mau
b2493b8e24614c1c9ee88fb61f5f72c2,2025-10-29 16:04:33 UTC,Mau
b22b3cb15d53452ca8cf1c20b6374c47,2025-10-29 16:04:33 UTC,Mau
b1b4142d456a4f658ceceed4fd52ac83,2025-10-29 16:04:33 UTC,Mau
b08ae0cdf9b04792b8f5842b6b99d0f7,2025-10-29 16:04:33 UTC,Mau
ab42347a303f4e28962dbfb50e1ee2b5,2025-10-29 16:04:33 UTC,Mau
ae28c57d09e446e0af2f1f6c56fa7645,2025-10-29 16:04:33 UTC,Mau
aab08e1ad08844a6bc146cb103f9cf04,2025-10-29 16:04:33 UTC,Mau
a972cf1e939e48bf8bb29ebb0224a98f,2025-10-29 16:04:33 UTC,Mau
a83169466764438f93aa36ab520d6104,2025-10-29 16:04:33 UTC,Mau
a7948cabbe6149538e4e5adbdaea79c8,2025-10-29 16:04:33 UTC,Mau
a75b74c17dbe47048e8d6a774dfc8f20,2025-10-29 16:04:33 UTC,Mau
a6e828d5841744d5a9646f3a2561f863,2025-10-29 16:04:33 UTC,Mau
a0366e292f494079b40b43092a083b9c,2025-10-29 16:04:33 UTC,Mau
a00918a6cff7412b8a06a8b8c5be2f17,2025-10-29 16:04:33 UTC,Mau
9eba087d226d40f1a0e9346fb01d102c,2025-10-29 16:04:33 UTC,Mau
9c89f6215f72482fb103b043ba9f0f1f,2025-10-29 16:04:33 UTC,Mau
9b4d8e3182614abaa001d961d78666fb,2025-10-29 16:04:33 UTC,Mau
98bf5dff56b84bf696d7041d6412cad1,2025-10-29 16:04:33 UTC,Mau
93c7ec75cea54481a5a605437a5697af,2025-10-29 16:04:33 UTC,Mau
92ed0c381bb6443ea1e446c67aefa146,2025-10-29 16:04:33 UTC,Mau
92da0dfb885a4ac2bf8dcc06be87c6ca,2025-10-29 16:04:33 UTC,Mau
92893d08a1a74f8f9ba08f09667dafc3,2025-10-29 16:04:33 UTC,Mau
9207659e65ee4b0080c400868452000d,2025-10-29 16:04:33 UTC,Mau
8eb8831f507147e4bb71e6b48444285b,2025-10-29 16:04:33 UTC,Mau
8d80459c8099425e98e8ca638f4c9526,2025-10-29 16:04:33 UTC,Mau
8a6367ed318f4f96960275c9ba35b3e9,2025-10-29 16:04:33 UTC,Mau
8a10757ff64d46d2af8c1658030a0893,2025-10-29 16:04:33 UTC,Mau
88a663d34362425aba41e974167a4f0f,2025-10-29 16:04:33 UTC,Mau
82e92c5900a74145bfee4a88877f81bb,2025-10-29 16:04:33 UTC,Mau
80ff9e7fc0c446d186acb5e3e1ffe106,2025-10-29 16:04:33 UTC,Mau
83fb50e851c6435dba2f6df4f22062fc,2025-10-29 16:04:33 UTC,Mau
7dbef0745bc2461e87b543327ad19ace,2025-10-29 16:04:33 UTC,Mau
07a77d21b1724a069c8c536925581671,2025-12-03 22:38:39 UTC,Tania
